group_id,section_id,packet_slug,research_status,script_status,notebooklm_status,notebook_url,audio_status,message
group-001,1,01-chalmerss-hard-problem-of-consciousness,researched,source_script_ready,notebooklm_bundle_ready,,not_started,Source dossier accepted; episode capsule generated
group-001,2,02-initial-thoughts,researched,source_script_ready,notebooklm_bundle_ready,,not_started,Source dossier accepted; episode capsule generated
group-001,3,03-philosophical-tensions,researched,source_script_ready,notebooklm_bundle_ready,,not_started,Source dossier accepted; episode capsule generated
group-001,4,04-surveys-typologies,researched,source_script_ready,notebooklm_bundle_ready,,not_started,Source dossier accepted; episode capsule generated
group-001,5,05-opposing-worldviews,researched,source_script_ready,notebooklm_bundle_ready,,not_started,Source dossier accepted; episode capsule generated
group-002,6,06-is-consciousness-primitive-fundamental,researched,source_script_ready,notebooklm_bundle_ready,https://notebooklm.google.com/notebook/d87d3f1d-f6d8-48d6-a834-d9cbe259ec68,audio_requested,Source dossier accepted; episode capsule generated
group-002,7,07-identity-theory,researched,source_script_ready,notebooklm_bundle_ready,https://notebooklm.google.com/notebook/d87d3f1d-f6d8-48d6-a834-d9cbe259ec68,audio_requested,Source dossier accepted; episode capsule generated
group-002,8,08-a-landscape,researched,source_script_ready,notebooklm_bundle_ready,https://notebooklm.google.com/notebook/d87d3f1d-f6d8-48d6-a834-d9cbe259ec68,audio_requested,Source dossier accepted; episode capsule generated
group-002,9,09-materialism-theories,researched,source_script_ready,notebooklm_bundle_ready,https://notebooklm.google.com/notebook/d87d3f1d-f6d8-48d6-a834-d9cbe259ec68,audio_requested,Source dossier accepted; episode capsule generated
group-002,10,10-non-reductive-physicalism,researched,source_script_ready,notebooklm_bundle_ready,https://notebooklm.google.com/notebook/d87d3f1d-f6d8-48d6-a834-d9cbe259ec68,audio_requested,Source dossier accepted; episode capsule generated
group-003,11,11-quantum-theories,research_queued,source_script_ready,notebooklm_bundle_ready,,not_started,Source dossier accepted; episode capsule generated
group-003,12,12-integrated-information-theory,research_queued,source_script_ready,notebooklm_bundle_ready,,not_started,Source dossier accepted; episode capsule generated
group-003,13,13-panpsychisms,research_queued,source_script_ready,notebooklm_bundle_ready,,not_started,Source dossier accepted; episode capsule generated
group-003,14,14-monisms,research_queued,source_script_ready,notebooklm_bundle_ready,,not_started,Source dossier accepted; episode capsule generated
group-003,15,15-dualisms,research_queued,source_script_ready,notebooklm_bundle_ready,,not_started,Source dossier accepted; episode capsule generated
group-004,16,16-idealisms,research_queued,source_script_ready,notebooklm_bundle_ready,https://notebooklm.google.com/notebook/30e64119-daf0-4aa9-82bd-c663bbbd14be,audio_ready,Source dossier accepted; NotebookLM audio ready from six-file bundle
group-004,17,17-anomalous-and-altered-states-theories,research_queued,source_script_ready,notebooklm_bundle_ready,https://notebooklm.google.com/notebook/30e64119-daf0-4aa9-82bd-c663bbbd14be,audio_ready,Source dossier accepted; NotebookLM audio ready from six-file bundle
group-004,18,18-challenge-theories,research_queued,source_script_ready,notebooklm_bundle_ready,https://notebooklm.google.com/notebook/30e64119-daf0-4aa9-82bd-c663bbbd14be,audio_ready,Source dossier accepted; NotebookLM audio ready from six-file bundle
group-004,19,19-closer-to-truth-views,research_queued,source_script_ready,notebooklm_bundle_ready,https://notebooklm.google.com/notebook/30e64119-daf0-4aa9-82bd-c663bbbd14be,audio_ready,Source dossier accepted; NotebookLM audio ready from six-file bundle
group-004,20,20-chalmerss-meta-problem-of-consciousness,research_queued,source_script_ready,notebooklm_bundle_ready,https://notebooklm.google.com/notebook/30e64119-daf0-4aa9-82bd-c663bbbd14be,audio_ready,Source dossier accepted; NotebookLM audio ready from six-file bundle
group-005,21,21-implications,research_queued,source_script_ready,notebooklm_bundle_ready,https://notebooklm.google.com/notebook/c9974e51-1181-4b44-86ef-76d1e6856d32,audio_ready,Source dossier accepted; NotebookLM audio ready from six-file bundle
group-005,22,22-meaning-purpose-value,research_queued,source_script_ready,notebooklm_bundle_ready,https://notebooklm.google.com/notebook/c9974e51-1181-4b44-86ef-76d1e6856d32,audio_ready,Source dossier accepted; NotebookLM audio ready from six-file bundle
group-005,23,23-artificial-intelligence-ai-consciousness,research_queued,source_script_ready,notebooklm_bundle_ready,https://notebooklm.google.com/notebook/c9974e51-1181-4b44-86ef-76d1e6856d32,audio_ready,Source dossier accepted; NotebookLM audio ready from six-file bundle
group-005,24,24-virtual-immortality,research_queued,source_script_ready,notebooklm_bundle_ready,https://notebooklm.google.com/notebook/c9974e51-1181-4b44-86ef-76d1e6856d32,audio_ready,Source dossier accepted; NotebookLM audio ready from six-file bundle
group-005,25,25-survival-beyond-death,research_queued,source_script_ready,notebooklm_bundle_ready,https://notebooklm.google.com/notebook/c9974e51-1181-4b44-86ef-76d1e6856d32,audio_ready,Source dossier accepted; NotebookLM audio ready from six-file bundle
group-006,26,26-reflections,research_queued,source_script_ready,notebooklm_bundle_ready,https://notebooklm.google.com/notebook/1d68c0fa-6bc7-4062-b96e-e3b2a366aadb,audio_ready,Source dossier accepted; episode capsule generated; NotebookLM Long Deep Dive ready from two-file bundle
group-007,9.1,09-01-philosophical-theories,research_queued,source_script_queued,not_started,,not_started,
group-007,9.2,09-02-neurobiological-theories,research_queued,source_script_queued,not_started,,not_started,
group-007,9.3,09-03-electromagnetic-field-theories,research_queued,source_script_queued,not_started,,not_started,
group-007,9.4,09-04-computational-and-informational-theories,research_queued,source_script_queued,not_started,,not_started,
group-007,9.5,09-05-homeostatic-and-affective-theories,research_queued,source_script_queued,not_started,,not_started,
group-008,9.6,09-06-embodied-and-enactive-theories,research_queued,source_script_queued,not_started,,not_started,
group-008,9.7,09-07-relational-theories,research_queued,source_script_queued,not_started,,not_started,
group-008,9.8,09-08-representational-theories,research_queued,source_script_queued,not_started,,not_started,
group-008,9.9,09-09-language-relationships,research_queued,source_script_queued,not_started,,not_started,
group-008,9.10,09-10-phylogenetic-evolution,research_queued,source_script_queued,not_started,,not_started,
group-009,9.1.1,09-01-01-eliminative-materialism-illusionism,research_queued,source_script_queued,not_started,,not_started,
group-009,9.1.2,09-01-02-epiphenomenalism,research_queued,source_script_queued,not_started,,not_started,
group-009,9.1.3,09-01-03-functionalism,research_queued,source_script_queued,not_started,,not_started,
group-009,9.1.4,09-01-04-emergence,research_queued,source_script_queued,not_started,,not_started,
group-009,9.1.5,09-01-05-mind-brain-identity-theory,research_queued,source_script_queued,not_started,,not_started,
group-010,9.1.6,09-01-06-searles-biological-naturalism,research_queued,source_script_queued,not_started,,not_started,
group-010,9.1.7,09-01-07-blocks-biological-reductionism,research_queued,source_script_queued,not_started,,not_started,
group-010,9.1.8,09-01-08-flanagans-constructive-naturalism,research_queued,source_script_queued,not_started,,not_started,
group-010,9.1.9,09-01-09-papineaus-mind-brain-identity,research_queued,source_script_queued,not_started,,not_started,
group-010,9.1.10,09-01-10-goldsteins-mind-body-problem,research_queued,source_script_queued,not_started,,not_started,
group-011,9.1.11,09-01-11-hardcastles-argument-against-materialism-skeptics,research_queued,source_script_queued,not_started,,not_started,
group-011,9.1.12,09-01-12-stoljars-epistemic-view-and-non-standard-physicalism,research_queued,source_script_queued,not_started,,not_started,
group-012,9.2.1,09-02-01-edelmans-neural-darwinism-and-reentrant-neural-circuitry,research_queued,source_script_queued,not_started,,not_started,
group-012,9.2.2,09-02-02-crick-and-kochs-neural-correlates-of-consciousness-ncc,research_queued,source_script_queued,not_started,,not_started,
group-012,9.2.3,09-02-03-baarss-and-dehaenes-global-workspace-theory,researched,source_script_queued,not_started,,not_started,Codex pilot research complete
group-012,9.2.4,09-02-04-dennetts-multiple-drafts-model,research_queued,source_script_queued,not_started,,not_started,
group-012,9.2.5,09-02-05-minskys-society-of-mind,research_queued,source_script_queued,not_started,,not_started,
group-013,9.2.6,09-02-06-grazianos-attention-schema-theory,research_queued,source_script_queued,not_started,,not_started,
group-013,9.2.7,09-02-07-prinzs-neurofunctionalism-how-attention-engenders-experience,research_queued,source_script_queued,not_started,,not_started,
group-013,9.2.8,09-02-08-sapolskys-hard-incompatibilism,research_queued,source_script_queued,not_started,,not_started,
group-013,9.2.9,09-02-09-mitchells-free-agents,research_queued,source_script_queued,not_started,,not_started,
group-013,9.2.10,09-02-10-bachs-cortical-conductor-theory,research_queued,source_script_queued,not_started,,not_started,
group-014,9.2.11,09-02-11-brain-circuits-and-cycles-theories,research_queued,source_script_queued,not_started,,not_started,
group-014,9.2.12,09-02-12-northoffs-temporo-spatial-sentience,research_queued,source_script_queued,not_started,,not_started,
group-014,9.2.13,09-02-13-bunges-emergent-materialism,research_queued,source_script_queued,not_started,,not_started,
group-014,9.2.14,09-02-14-hirsteins-mindmelding,research_queued,source_script_queued,not_started,,not_started,
group-015,9.3.1,09-03-01-joness-electromagnetic-fields,research_queued,source_script_queued,not_started,,not_started,
group-015,9.3.2,09-03-02-pocketts-conscious-and-non-conscious-patterns,research_queued,source_script_queued,not_started,,not_started,
group-015,9.3.3,09-03-03-mcfaddens-conscious-electromagnetic-information-theory,research_queued,source_script_queued,not_started,,not_started,
group-015,9.3.4,09-03-04-ephaptic-coupling,research_queued,source_script_queued,not_started,,not_started,
group-015,9.3.5,09-03-05-ambrons-local-field-potentials-and-electromagnetic-waves,research_queued,source_script_queued,not_started,,not_started,
group-016,9.3.6,09-03-06-llinass-mindness-state-of-oscillations,research_queued,source_script_queued,not_started,,not_started,
group-016,9.3.7,09-03-07-zhangs-long-distance-light-speed-telecommunications,research_queued,source_script_queued,not_started,,not_started,
group-017,9.4.1,09-04-01-computational-theories,research_queued,source_script_queued,not_started,,not_started,
group-017,9.4.2,09-04-02-grossbergs-adaptive-resonance-theory,research_queued,source_script_queued,not_started,,not_started,
group-017,9.4.3,09-04-03-complex-adaptive-systems-models,research_queued,source_script_queued,not_started,,not_started,
group-017,9.4.4,09-04-04-critical-brain-hypothesis,research_queued,source_script_queued,not_started,,not_started,
group-017,9.4.5,09-04-05-pribrams-holonomic-brain-theory,research_queued,source_script_queued,not_started,,not_started,
group-018,9.4.6,09-04-06-doyles-experience-recorder-and-reproducer,research_queued,source_script_queued,not_started,,not_started,
group-018,9.4.7,09-04-07-informational-realism-and-emergent-information-theory,research_queued,source_script_queued,not_started,,not_started,
group-018,9.4.8,09-04-08-mathematical-theories,research_queued,source_script_queued,not_started,,not_started,
group-019,9.5.1,09-05-01-predictive-theories-top-down,research_queued,source_script_queued,not_started,,not_started,
group-019,9.5.2,09-05-02-seths-beast-machine-theory,research_queued,source_script_queued,not_started,,not_started,
group-019,9.5.3,09-05-03-damasios-homeostatic-feelings-and-emergence-of-consciousness,research_queued,source_script_queued,not_started,,not_started,
group-019,9.5.4,09-05-04-fristons-free-energy-principle-and-active-inference,research_queued,source_script_queued,not_started,,not_started,
group-019,9.5.5,09-05-05-solmss-affect-as-the-hidden-spring-of-consciousness,research_queued,source_script_queued,not_started,,not_started,
group-020,9.5.6,09-05-06-carhart-harriss-entropic-brain-hypothesis,research_queued,source_script_queued,not_started,,not_started,
group-020,9.5.7,09-05-07-buzs-akis-neural-syntax-and-self-caused-rhythms,research_queued,source_script_queued,not_started,,not_started,
group-020,9.5.8,09-05-08-deacons-self-organized-constraint-and-emergence-of-self,research_queued,source_script_queued,not_started,,not_started,
group-020,9.5.9,09-05-09-pereiras-sentience,research_queued,source_script_queued,not_started,,not_started,
group-020,9.5.10,09-05-10-mansells-perceptual-control-theory,research_queued,source_script_queued,not_started,,not_started,
group-021,9.5.11,09-05-11-projective-consciousness-model,research_queued,source_script_queued,not_started,,not_started,
group-021,9.5.12,09-05-12-pepperells-organization-of-energy,research_queued,source_script_queued,not_started,,not_started,
group-022,9.6.1,09-06-01-embodied-cognition,research_queued,source_script_queued,not_started,,not_started,
group-022,9.6.2,09-06-02-enactivism,research_queued,source_script_queued,not_started,,not_started,
group-022,9.6.3,09-06-03-varelas-neurophenomenology,research_queued,source_script_queued,not_started,,not_started,
group-022,9.6.4,09-06-04-thompsons-mind-in-life,research_queued,source_script_queued,not_started,,not_started,
group-022,9.6.5,09-06-05-frank-gleiser-thompsons-the-blind-spot,research_queued,source_script_queued,not_started,,not_started,
group-023,9.6.6,09-06-06-bitbols-radical-neurophenomenology,research_queued,source_script_queued,not_started,,not_started,
group-023,9.6.7,09-06-07-direct-perception-theory,research_queued,source_script_queued,not_started,,not_started,
group-023,9.6.8,09-06-08-gibsons-ecological-psychology,research_queued,source_script_queued,not_started,,not_started,
group-024,9.7.1,09-07-01-a-clarks-extended-mind,research_queued,source_script_queued,not_started,,not_started,
group-024,9.7.2,09-07-02-no-es-out-of-our-heads-theory,research_queued,source_script_queued,not_started,,not_started,
group-024,9.7.3,09-07-03-looritss-structural-realism,research_queued,source_script_queued,not_started,,not_started,
group-024,9.7.4,09-07-04-lahavs-relativistic-theory,research_queued,source_script_queued,not_started,,not_started,
group-024,9.7.5,09-07-05-tsuchiyas-relational-approach-to-consciousness,research_queued,source_script_queued,not_started,,not_started,
group-025,9.7.6,09-07-06-jaworskis-hylomorphism,research_queued,source_script_queued,not_started,,not_started,
group-025,9.7.7,09-07-07-process-theory,research_queued,source_script_queued,not_started,,not_started,
group-026,9.8.1,09-08-01-first-order-representationalism,research_queued,source_script_queued,not_started,,not_started,
group-026,9.8.2,09-08-02-lammes-recurrent-processing-theory,research_queued,source_script_queued,not_started,,not_started,
group-026,9.8.3,09-08-03-higher-order-theories,research_queued,source_script_queued,not_started,,not_started,
group-026,9.8.4,09-08-04-laus-perceptual-reality-monitoring-theory,research_queued,source_script_queued,not_started,,not_started,
group-026,9.8.5,09-08-05-ledouxs-higher-order-theory-of-emotional-consciousness,research_queued,source_script_queued,not_started,,not_started,
group-027,9.8.6,09-08-06-humphreys-mental-representations-and-brain-attractors,research_queued,source_script_queued,not_started,,not_started,
group-027,9.8.7,09-08-07-metzingers-no-self-representational-theory-of-subjectivity,research_queued,source_script_queued,not_started,,not_started,
group-027,9.8.8,09-08-08-jacksons-diaphanous-representationalism-and-the-knowledge,research_queued,source_script_queued,not_started,,not_started,
group-027,9.8.9,09-08-09-lycans-homuncular-functionalism,research_queued,source_script_queued,not_started,,not_started,
group-027,9.8.10,09-08-10-transparency-theory,research_queued,source_script_queued,not_started,,not_started,
group-028,9.8.11,09-08-11-tyes-contingentism,research_queued,source_script_queued,not_started,,not_started,
group-028,9.8.12,09-08-12-thagards-neural-representation-binding-coherence-competition,research_queued,source_script_queued,not_started,,not_started,
group-028,9.8.13,09-08-13-t-clarks-content-hypothesis,research_queued,source_script_queued,not_started,,not_started,
group-028,9.8.14,09-08-14-deacons-symbolic-communication-human-consciousness,research_queued,source_script_queued,not_started,,not_started,
group-029,9.9.1,09-09-01-chomskys-language-and-consciousness,research_queued,source_script_queued,not_started,,not_started,
group-029,9.9.2,09-09-02-searles-language-and-consciousness,research_queued,source_script_queued,not_started,,not_started,
group-029,9.9.3,09-09-03-kochs-consciousness-does-not-depend-on-language,research_queued,source_script_queued,not_started,,not_started,
group-029,9.9.4,09-09-04-smiths-language-as-classifier-of-consciousness,research_queued,source_script_queued,not_started,,not_started,
group-029,9.9.5,09-09-05-jayness-breakdown-of-the-bicameral-mind,research_queued,source_script_queued,not_started,,not_started,
group-030,9.9.6,09-09-06-parringtons-language-and-tool-driven-consciousness,research_queued,source_script_queued,not_started,,not_started,
group-031,9.10.1,09-10-01-dennetts-evolution-of-minds,research_queued,source_script_queued,not_started,,not_started,
group-031,9.10.2,09-10-02-ledouxs-deep-roots-of-consciousness,research_queued,source_script_queued,not_started,,not_started,
group-031,9.10.3,09-10-03-ginsburg-and-jablonkas-associative-learning-during-evolution,research_queued,source_script_queued,not_started,,not_started,
group-031,9.10.4,09-10-04-cleeremans-and-tallon-baudrys-phenomenal-experience-has,research_queued,source_script_queued,not_started,,not_started,
group-031,9.10.5,09-10-05-andrews-consciousness-without-complex-brains,research_queued,source_script_queued,not_started,,not_started,
group-032,9.10.6,09-10-06-rebers-cellular-basis-of-consciousness,research_queued,source_script_queued,not_started,,not_started,
group-032,9.10.7,09-10-07-feinberg-and-mallatts-ancient-origins-of-consciousness,research_queued,source_script_queued,not_started,,not_started,
group-032,9.10.8,09-10-08-levins-technological-approach-to-mind-everywhere,research_queued,source_script_queued,not_started,,not_started,
group-032,9.10.9,09-10-09-no-hard-problem-in-william-jamess-psychology,research_queued,source_script_queued,not_started,,not_started,
group-033,10.1,10-01-elliss-strong-emergence-and-top-down-causation,research_queued,source_script_queued,not_started,,not_started,
group-033,10.2,10-02-murphys-non-reductive-physicalism,research_queued,source_script_queued,not_started,,not_started,
group-033,10.3,10-03-van-inwagens-christian-materialism-and-the-resurrection-of-the,research_queued,source_script_queued,not_started,,not_started,
group-033,10.4,10-04-nagasawas-nontheoretical-physicalism,research_queued,source_script_queued,not_started,,not_started,
group-033,10.5,10-05-sanfeys-abstract-realism,research_queued,source_script_queued,not_started,,not_started,
group-034,10.6,10-06-northoffs-non-reductive-neurophilosophy,research_queued,source_script_queued,not_started,,not_started,
group-035,11.1,11-01-penrose-hameroffs-orchestrated-objective-reduction,research_queued,source_script_queued,not_started,,not_started,
group-035,11.2,11-02-stapps-collapsing-the-wave-function-via-asking-questions,research_queued,source_script_queued,not_started,,not_started,
group-035,11.3,11-03-bohms-implicate-explicate-order,research_queued,source_script_queued,not_started,,not_started,
group-035,11.4,11-04-pylkk-anens-quantum-potential-energy-and-active-information,research_queued,source_script_queued,not_started,,not_started,
group-035,11.5,11-05-wolframs-consciousness-in-the-ruliad,research_queued,source_script_queued,not_started,,not_started,
group-036,11.6,11-06-beck-eccless-quantum-processes-in-the-synapse,research_queued,source_script_queued,not_started,,not_started,
group-036,11.7,11-07-kauffmans-mind-mediating-possibles-to-actuals,research_queued,source_script_queued,not_started,,not_started,
group-036,11.8,11-08-tordays-cellular-and-cosmic-consciousness,research_queued,source_script_queued,not_started,,not_started,
group-036,11.9,11-09-smolins-causal-theory-of-views,research_queued,source_script_queued,not_started,,not_started,
group-036,11.10,11-10-carrs-quantum-theory-psi-mental-space,research_queued,source_script_queued,not_started,,not_started,
group-037,11.11,11-11-faggins-quantum-information-based-panpsychism,research_queued,source_script_queued,not_started,,not_started,
group-037,11.12,11-12-fishers-quantum-cognition,research_queued,source_script_queued,not_started,,not_started,
group-037,11.13,11-13-globuss-quantum-thermofield-brain-dynamics,research_queued,source_script_queued,not_started,,not_started,
group-037,11.14,11-14-poznanskis-dynamic-organicity-theory,research_queued,source_script_queued,not_started,,not_started,
group-037,11.15,11-15-quantum-consciousness-extensions,research_queued,source_script_queued,not_started,,not_started,
group-038,11.16,11-16-rovellis-relational-physics,research_queued,source_script_queued,not_started,,not_started,
group-039,12.1,12-01-critiques-of-integrated-information-theory,research_queued,source_script_queued,not_started,,not_started,
group-039,12.2,12-02-koch-compares-integrated-information-theory-with-panpsychism,research_queued,source_script_queued,not_started,,not_started,
group-040,13.1,13-01-micropsychism,research_queued,source_script_queued,not_started,,not_started,
group-040,13.2,13-02-panprotopsychism,research_queued,source_script_queued,not_started,,not_started,
group-040,13.3,13-03-cosmopsychism,research_queued,source_script_queued,not_started,,not_started,
group-040,13.4,13-04-qualia-force,research_queued,source_script_queued,not_started,,not_started,
group-040,13.5,13-05-qualia-space,research_queued,source_script_queued,not_started,,not_started,
group-041,13.6,13-06-chalmerss-panpsychism,research_queued,source_script_queued,not_started,,not_started,
group-041,13.7,13-07-strawsons-panpsychism,research_queued,source_script_queued,not_started,,not_started,
group-041,13.8,13-08-goffs-panpsychism,research_queued,source_script_queued,not_started,,not_started,
group-041,13.9,13-09-a-harriss-panpsychism-as-fundamental-field,research_queued,source_script_queued,not_started,,not_started,
group-041,13.10,13-10-sheldrakes-self-organizing-systems-at-all-levels-of-complexity,research_queued,source_script_queued,not_started,,not_started,
group-042,13.11,13-11-wallaces-panpsychism-inside-physics,research_queued,source_script_queued,not_started,,not_started,
group-042,13.12,13-12-whiteheads-process-theory,research_queued,source_script_queued,not_started,,not_started,
group-043,14.1,14-01-russellian-monism,research_queued,source_script_queued,not_started,,not_started,
group-043,14.2,14-02-davidsons-anomalous-monism,research_queued,source_script_queued,not_started,,not_started,
group-043,14.3,14-03-velmanss-reflexive-monism,research_queued,source_script_queued,not_started,,not_started,
group-043,14.4,14-04-strawsons-realistic-monism-and-real-materialism,research_queued,source_script_queued,not_started,,not_started,
group-043,14.5,14-05-polkinghornes-dual-aspect-monism,research_queued,source_script_queued,not_started,,not_started,
group-044,14.6,14-06-teilhard-de-cardins-evolving-consciousness,research_queued,source_script_queued,not_started,,not_started,
group-044,14.7,14-07-atmanspachers-dual-aspect-monism,research_queued,source_script_queued,not_started,,not_started,
group-044,14.8,14-08-ramachandrans-new-physics-and-neuroscience,research_queued,source_script_queued,not_started,,not_started,
group-044,14.9,14-09-tegmarks-state-of-matter,research_queued,source_script_queued,not_started,,not_started,
group-044,14.10,14-10-qualia-research-institutes-state-space-qualia-formalism-valence,research_queued,source_script_queued,not_started,,not_started,
group-045,14.11,14-11-bentley-harts-monism-consciousness-being-god,research_queued,source_script_queued,not_started,,not_started,
group-045,14.12,14-12-leslies-consciousness-inside-an-infinite-mind,research_queued,source_script_queued,not_started,,not_started,
group-046,15.1,15-01-property-dualism,research_queued,source_script_queued,not_started,,not_started,
group-046,15.2,15-02-historical-and-traditional-dualisms,research_queued,source_script_queued,not_started,,not_started,
group-046,15.3,15-03-swinburnes-substance-dualism,research_queued,source_script_queued,not_started,,not_started,
group-046,15.4,15-04-composite-dualism,research_queued,source_script_queued,not_started,,not_started,
group-046,15.5,15-05-stumps-thomistic-dualism,research_queued,source_script_queued,not_started,,not_started,
group-047,15.6,15-06-fesers-neo-thomistic-neo-aristotelian-common-sense-dualism,research_queued,source_script_queued,not_started,,not_started,
group-047,15.7,15-07-morelands-christian-soul,research_queued,source_script_queued,not_started,,not_started,
group-047,15.8,15-08-interactive-dualism,research_queued,source_script_queued,not_started,,not_started,
group-047,15.9,15-09-emergent-dualism,research_queued,source_script_queued,not_started,,not_started,
group-047,15.10,15-10-kinds-dualism-2-0,research_queued,source_script_queued,not_started,,not_started,
group-048,15.11,15-11-soul-in-the-hebrew-bible-and-jewish-philosophy,research_queued,source_script_queued,not_started,,not_started,
group-048,15.12,15-12-soul-in-the-new-testament-and-christian-philosophy,research_queued,source_script_queued,not_started,,not_started,
group-048,15.13,15-13-soul-in-islamic-philosophy,research_queued,source_script_queued,not_started,,not_started,
group-048,15.14,15-14-god-as-the-supplier-of-souls,research_queued,source_script_queued,not_started,,not_started,
group-048,15.15,15-15-personal-and-cosmic-consciousness-in-indian-philosophy,research_queued,source_script_queued,not_started,,not_started,
group-049,15.16,15-16-soul-in-indigenous-religions,research_queued,source_script_queued,not_started,,not_started,
group-049,15.17,15-17-realms-of-the-soul,research_queued,source_script_queued,not_started,,not_started,
group-049,15.18,15-18-theosophys-eclectic-soul-and-consciousness,research_queued,source_script_queued,not_started,,not_started,
group-049,15.19,15-19-steiners-esoteric-soul-and-consciousness,research_queued,source_script_queued,not_started,,not_started,
group-049,15.20,15-20-nonphysical-component-in-the-human-mind,research_queued,source_script_queued,not_started,,not_started,
group-050,16.1,16-01-indian-cosmic-consciousness,research_queued,source_script_queued,not_started,,not_started,
group-050,16.2,16-02-buddhisms-empty-illusory-phenomenal-consciousness,research_queued,source_script_queued,not_started,,not_started,
group-050,16.3,16-03-dao-de-jings-constant-dao,research_queued,source_script_queued,not_started,,not_started,
group-050,16.4,16-04-kastrups-analytic-idealism,research_queued,source_script_queued,not_started,,not_started,
group-050,16.5,16-05-hoffmans-conscious-realism-the-case-against-reality,research_queued,source_script_queued,not_started,,not_started,
group-051,16.6,16-06-mcgilchrists-relational-creative-process-idealism,research_queued,source_script_queued,not_started,,not_started,
group-051,16.7,16-07-chopras-only-the-whole-is-conscious,research_queued,source_script_queued,not_started,,not_started,
group-051,16.8,16-08-how-consciousness-becomes-the-physical-universe,research_queued,source_script_queued,not_started,,not_started,
group-051,16.9,16-09-goswamis-self-aware-universe,research_queued,source_script_queued,not_started,,not_started,
group-051,16.10,16-10-spiras-non-duality,research_queued,source_script_queued,not_started,,not_started,
group-052,16.11,16-11-naders-all-there-is,research_queued,source_script_queued,not_started,,not_started,
group-052,16.12,16-12-wards-personal-idealism-souls-as-embodied-agents-created-by,research_queued,source_script_queued,not_started,,not_started,
group-052,16.13,16-13-albaharis-perennial-idealism,research_queued,source_script_queued,not_started,,not_started,
group-052,16.14,16-14-meijers-universal-knowledge-field,research_queued,source_script_queued,not_started,,not_started,
group-052,16.15,16-15-idealisms-imaginative-expressions,research_queued,source_script_queued,not_started,,not_started,
group-053,17.1,17-01-bergsons-multiplicity-duration-perception-memory,research_queued,source_script_queued,not_started,,not_started,
group-053,17.2,17-02-jungs-collective-unconscious-and-synchronicity,research_queued,source_script_queued,not_started,,not_started,
group-053,17.3,17-03-radins-challenge-to-materialism,research_queued,source_script_queued,not_started,,not_started,
group-053,17.4,17-04-tarts-emergent-interactionism,research_queued,source_script_queued,not_started,,not_started,
group-053,17.5,17-05-josephsons-psi-informed-models,research_queued,source_script_queued,not_started,,not_started,
group-054,17.6,17-06-wilbers-integral-theory,research_queued,source_script_queued,not_started,,not_started,
group-054,17.7,17-07-combss-chaotic-attractor-and-autopoietic-systems,research_queued,source_script_queued,not_started,,not_started,
group-054,17.8,17-08-schoolers-resonance-theory-and-subjective-time,research_queued,source_script_queued,not_started,,not_started,
group-054,17.9,17-09-sheldrakes-morphic-fields,research_queued,source_script_queued,not_started,,not_started,
group-054,17.10,17-10-grinbergs-syntergic-neuronal-field-theory,research_queued,source_script_queued,not_started,,not_started,
group-055,17.11,17-11-grabois-three-aspect-model,research_queued,source_script_queued,not_started,,not_started,
group-055,17.12,17-12-near-death-experiences-survival-past-lives,research_queued,source_script_queued,not_started,,not_started,
group-055,17.13,17-13-dopss-consciousness-research-and-theory,research_queued,source_script_queued,not_started,,not_started,
group-055,17.14,17-14-bitbols-phenomenological-ontology,research_queued,source_script_queued,not_started,,not_started,
group-055,17.15,17-15-campbells-theory-of-everything,research_queued,source_script_queued,not_started,,not_started,
group-056,17.16,17-16-hillers-eternal-discarnate-consciousness,research_queued,source_script_queued,not_started,,not_started,
group-056,17.17,17-17-harps-universal-or-god-consciousness,research_queued,source_script_queued,not_started,,not_started,
group-056,17.18,17-18-swimmes-cosmogenesis,research_queued,source_script_queued,not_started,,not_started,
group-056,17.19,17-19-langans-cognitive-theoretic-model-of-the-universe,research_queued,source_script_queued,not_started,,not_started,
group-056,17.20,17-20-meditation-and-the-brain,research_queued,source_script_queued,not_started,,not_started,
group-057,17.21,17-21-psychedelic-theories-of-consciousness,research_queued,source_script_queued,not_started,,not_started,
group-058,18.1,18-01-nagels-mind-and-cosmos,research_queued,source_script_queued,not_started,,not_started,
group-058,18.2,18-02-mcginns-ultimate-mystery-mysterianism,research_queued,source_script_queued,not_started,,not_started,
group-058,18.3,18-03-s-harriss-mystery-of-consciousness,research_queued,source_script_queued,not_started,,not_started,
group-058,18.4,18-04-eaglemans-possibilianism,research_queued,source_script_queued,not_started,,not_started,
group-058,18.5,18-05-talliss-anti-neuromania-skepticism,research_queued,source_script_queued,not_started,,not_started,
group-059,18.6,18-06-nagasawas-mind-body-problem-in-an-infinitely-decomposable,research_queued,source_script_queued,not_started,,not_started,
group-059,18.7,18-07-mussers-is-it-really-so-hard,research_queued,source_script_queued,not_started,,not_started,
group-059,18.8,18-08-daviess-consciousness-in-the-cosmos,research_queued,source_script_queued,not_started,,not_started,
